paper_id,alloy,temperature_c,exposure_time_h,flow_m_per_s,corrosion_rate_um_per_year,headgas_air,headgas_n2,headgas_o2_sealed_loop,ni_wt_pct,cr_wt_pct,fe_wt_pct,c_wt_pct,mn_wt_pct,si_wt_pct,n_wt_pct,nb_wt_pct,co_wt_pct,mo_wt_pct,al_wt_pct,ti_wt_pct,cu_wt_pct,w_wt_pct,p_wt_pct,s_wt_pct
P002,Inconel 625,560,750.0,1.7,0.0,1,0,0,54.95,23.0,5.0,0.1,0.5,0.5,0.0,4.15,1.0,10.0,0.4,0.4,0.0,0.0,0.0,0.0
P002,Haynes 230,560,750.0,1.7,0.8,1,0,0,52.1,22.0,3.0,0.1,0.5,0.4,0.0,0.5,5.0,2.0,0.3,0.1,0.0,14.0,0.0,0.0
P002,Inconel 617,560,750.0,1.7,0.8,1,0,0,43.25,24.0,3.0,0.15,1.0,1.0,0.0,0.0,15.0,10.0,1.5,0.6,0.5,0.0,0.0,0.0
P002,HR6W,560,750.0,1.7,3.3,1,0,0,34.35,24.5,30.0,0.1,1.5,1.0,0.0,0.35,0.0,0.0,0.0,0.2,0.0,8.0,0.0,0.0
P002,Sanicro25,560,750.0,1.7,14.2,1,0,0,25.0,22.5,42.87,0.1,0.5,0.2,0.23,0.5,1.5,0.0,0.0,0.0,3.0,3.6,0.0,0.0
P002,310N,560,750.0,1.7,8.6,1,0,0,23.0,26.0,47.2,0.1,2.0,0.75,0.35,0.6,0.0,0.0,0.0,0.0,0.0,0.0,0.0,0.0
P002,316Ti,560,750.0,1.7,10.5,1,0,0,14.0,18.0,60.37,0.08,3.0,0.75,0.1,0.0,0.0,3.0,0.0,0.7,0.0,0.0,0.0,0.0
P002,316L,560,750.0,1.7,11.7,1,0,0,13.0,18.5,63.36,0.03,2.0,1.0,0.11,0.0,0.0,2.0,0.0,0.0,0.0,0.0,0.0,0.0
P002,321H,560,750.0,1.7,15.5,1,0,0,12.0,19.0,65.8,0.1,2.0,1.0,0.1,0.0,0.0,0.0,0.0,0.0,0.0,0.0,0.0,0.0
P002,15-15Ti,560,750.0,1.7,14.1,1,0,0,15.5,15.5,64.21,0.12,2.0,0.6,0.02,0.0,0.03,1.4,0.02,0.55,0.05,0.0,0.0,0.0
P002,347H,560,750.0,1.7,14.0,1,0,0,13.0,19.0,65.15,0.1,2.0,0.75,0.0,0.0,0.0,0.0,0.0,0.0,0.0,0.0,0.0,0.0
P002,347,560,750.0,1.7,14.0,1,0,0,13.0,19.0,65.35,0.08,2.0,0.57,0.0,0.0,0.0,0.0,0.0,0.0,0.0,0.0,0.0,0.0
P002,430,560,750.0,1.7,33.3,1,0,0,0.75,18.0,79.07,0.12,1.0,1.0,0.06,0.0,0.0,0.0,0.0,0.0,0.0,0.0,0.0,0.0
P003,AISI 1045,500,2160.0,0.0,69.81,1,0,0,0.0,0.0,98.71,0.45,0.75,0.0,0.0,0.0,0.0,0.0,0.0,0.0,0.0,0.0,0.04,0.05
P003,304H,500,2160.0,0.0,1.3,1,0,0,7.7,19.2,70.58,0.08,2.0,0.43,0.0,0.0,0.0,0.0,0.0,0.0,0.0,0.0,0.0,0.01
P003,Inconel 600,500,2160.0,0.0,0.29,1,0,0,58.87,21.75,15.8,0.03,0.21,0.13,0.0,0.0,0.0,0.0,0.32,0.0,0.03,0.0,0.0,0.0001
P004,Haynes 230,680,1025.0,0.0,688.0,1,0,0,59.41,22.37,1.32,0.0,0.49,0.42,0.0,0.0,0.19,1.27,0.32,0.0,0.05,14.16,0.0,0.0
P004,Haynes 230,600,3000.0,0.0,23.6,1,0,0,59.41,22.37,1.32,0.0,0.49,0.42,0.0,0.0,0.19,1.27,0.32,0.0,0.05,14.16,0.0,0.0
P004,Inconel 625,680,1025.0,0.0,594.0,1,0,0,61.0,21.76,4.46,0.0,0.21,0.25,0.0,3.38,0.08,8.28,0.2,0.24,0.0,0.0,0.0,0.0
P004,Inconel 625,600,3000.0,0.0,16.8,1,0,0,61.0,21.76,4.46,0.0,0.21,0.25,0.0,3.38,0.08,8.28,0.2,0.24,0.0,0.0,0.0,0.0
P008,Incoloy 800,595,4500.0,0.0,8.0,0,0,1,32.0,21.0,45.0,0.1,1.0,0.2,0.0,0.0,0.0,0.0,0.5,0.5,0.0,0.0,0.0,0.0
P008,Incoloy 800,600,4500.0,0.0,8.0,0,0,1,32.0,21.0,45.0,0.1,1.0,0.2,0.0,0.0,0.0,0.0,0.5,0.5,0.0,0.0,0.0,0.0
P008,Incoloy 800,570,4500.0,0.0,8.0,0,0,1,32.0,21.0,45.0,0.1,1.0,0.2,0.0,0.0,0.0,0.0,0.5,0.5,0.0,0.0,0.0,0.0
P008,Incoloy 800,545,4500.0,0.0,5.0,0,0,1,32.0,21.0,45.0,0.1,1.0,0.2,0.0,0.0,0.0,0.0,0.5,0.5,0.0,0.0,0.0,0.0
P008,Incoloy 800,520,4500.0,0.0,3.0,0,0,1,32.0,21.0,45.0,0.1,1.0,0.2,0.0,0.0,0.0,0.0,0.5,0.5,0.0,0.0,0.0,0.0
P008,Incoloy 800,495,4500.0,0.0,3.0,0,0,1,32.0,21.0,45.0,0.1,1.0,0.2,0.0,0.0,0.0,0.0,0.5,0.5,0.0,0.0,0.0,0.0
P008,Incoloy 800,470,4500.0,0.0,3.0,0,0,1,32.0,21.0,45.0,0.1,1.0,0.2,0.0,0.0,0.0,0.0,0.5,0.5,0.0,0.0,0.0,0.0
P008,Incoloy 800,475,4500.0,0.0,3.0,0,0,1,32.0,21.0,45.0,0.1,1.0,0.2,0.0,0.0,0.0,0.0,0.5,0.5,0.0,0.0,0.0,0.0
P008,Incoloy 800,485,4500.0,0.0,3.0,0,0,1,32.0,21.0,45.0,0.1,1.0,0.2,0.0,0.0,0.0,0.0,0.5,0.5,0.0,0.0,0.0,0.0
P008,Incoloy 800,455,4500.0,0.0,3.0,0,0,1,32.0,21.0,45.0,0.1,1.0,0.2,0.0,0.0,0.0,0.0,0.5,0.5,0.0,0.0,0.0,0.0
P008,Incoloy 800,435,4500.0,0.0,3.0,0,0,1,32.0,21.0,45.0,0.1,1.0,0.2,0.0,0.0,0.0,0.0,0.5,0.5,0.0,0.0,0.0,0.0
P008,Incoloy 800,410,4500.0,0.0,3.0,0,0,1,32.0,21.0,45.0,0.1,1.0,0.2,0.0,0.0,0.0,0.0,0.5,0.5,0.0,0.0,0.0,0.0
P008,Incoloy 800,390,4500.0,0.0,3.0,0,0,1,32.0,21.0,45.0,0.1,1.0,0.2,0.0,0.0,0.0,0.0,0.5,0.5,0.0,0.0,0.0,0.0
P008,Incoloy 800,375,4500.0,0.0,3.0,0,0,1,32.0,21.0,45.0,0.1,1.0,0.2,0.0,0.0,0.0,0.0,0.5,0.5,0.0,0.0,0.0,0.0
P008,Incoloy 800,580,4500.0,0.0,5.0,0,0,1,32.0,21.0,45.0,0.1,1.0,0.2,0.0,0.0,0.0,0.0,0.5,0.5,0.0,0.0,0.0,0.0
P008,Incoloy 800,470,4500.0,0.0,5.0,0,0,1,32.0,21.0,45.0,0.1,1.0,0.2,0.0,0.0,0.0,0.0,0.5,0.5,0.0,0.0,0.0,0.0
P008,Type 316 Stainless Steel,595,4500.0,0.0,5.0,0,0,1,11.0,17.0,67.0,0.08,2.0,1.0,0.0,0.0,0.0,2.0,0.0,0.0,0.0,0.0,0.0,0.0
P008,Type 316 Stainless Steel,600,4500.0,0.0,10.0,0,0,1,11.0,17.0,67.0,0.08,2.0,1.0,0.0,0.0,0.0,2.0,0.0,0.0,0.0,0.0,0.0,0.0
P008,Type 316 Stainless Steel,565,4500.0,0.0,13.0,0,0,1,11.0,17.0,67.0,0.08,2.0,1.0,0.0,0.0,0.0,2.0,0.0,0.0,0.0,0.0,0.0,0.0
P008,Type 316 Stainless Steel,535,4500.0,0.0,8.0,0,0,1,11.0,17.0,67.0,0.08,2.0,1.0,0.0,0.0,0.0,2.0,0.0,0.0,0.0,0.0,0.0,0.0
P008,Type 316 Stainless Steel,505,4500.0,0.0,3.0,0,0,1,11.0,17.0,67.0,0.08,2.0,1.0,0.0,0.0,0.0,2.0,0.0,0.0,0.0,0.0,0.0,0.0
P008,Type 316 Stainless Steel,445,4500.0,0.0,3.0,0,0,1,11.0,17.0,67.0,0.08,2.0,1.0,0.0,0.0,0.0,2.0,0.0,0.0,0.0,0.0,0.0,0.0
P008,Type 316 Stainless Steel,4765,4500.0,0.0,3.0,0,0,1,11.0,17.0,67.0,0.08,2.0,1.0,0.0,0.0,0.0,2.0,0.0,0.0,0.0,0.0,0.0,0.0
P008,Type 316 Stainless Steel,485,4500.0,0.0,10.0,0,0,1,11.0,17.0,67.0,0.08,2.0,1.0,0.0,0.0,0.0,2.0,0.0,0.0,0.0,0.0,0.0,0.0
P008,Type 316 Stainless Steel,455,4500.0,0.0,5.0,0,0,1,11.0,17.0,67.0,0.08,2.0,1.0,0.0,0.0,0.0,2.0,0.0,0.0,0.0,0.0,0.0,0.0
P008,Type 316 Stainless Steel,435,4500.0,0.0,3.0,0,0,1,11.0,17.0,67.0,0.08,2.0,1.0,0.0,0.0,0.0,2.0,0.0,0.0,0.0,0.0,0.0,0.0
P008,Type 316 Stainless Steel,410,4500.0,0.0,5.0,0,0,1,11.0,17.0,67.0,0.08,2.0,1.0,0.0,0.0,0.0,2.0,0.0,0.0,0.0,0.0,0.0,0.0
P008,Type 316 Stainless Steel,390,4500.0,0.0,3.0,0,0,1,11.0,17.0,67.0,0.08,2.0,1.0,0.0,0.0,0.0,2.0,0.0,0.0,0.0,0.0,0.0,0.0
P008,Type 316 Stainless Steel,375,4500.0,0.0,3.0,0,0,1,11.0,17.0,67.0,0.08,2.0,1.0,0.0,0.0,0.0,2.0,0.0,0.0,0.0,0.0,0.0,0.0
P008,Type 316 Stainless Steel,580,4500.0,0.0,3.0,0,0,1,11.0,17.0,67.0,0.08,2.0,1.0,0.0,0.0,0.0,2.0,0.0,0.0,0.0,0.0,0.0,0.0
P008,Type 316 Stainless Steel,470,4500.0,0.0,3.0,0,0,1,11.0,17.0,67.0,0.08,2.0,1.0,0.0,0.0,0.0,2.0,0.0,0.0,0.0,0.0,0.0,0.0
P008,Type 304/304L stainless steel,595,4500.0,0.0,8.0,0,0,1,10.0,19.0,68.0,0.08,2.0,1.0,0.0,0.0,0.0,0.0,0.0,0.0,0.0,0.0,0.0,0.0
P008,Type 304/304L stainless steel,600,4500.0,0.0,8.0,0,0,1,10.0,19.0,68.0,0.08,2.0,1.0,0.0,0.0,0.0,0.0,0.0,0.0,0.0,0.0,0.0,0.0
P008,Type 304/304L stainless steel,600,4500.0,0.0,5.0,0,0,1,10.0,19.0,68.0,0.03,2.0,1.0,0.0,0.0,0.0,0.0,0.0,0.0,0.0,0.0,0.0,0.0
P008,Type 304/304L stainless steel,570,4500.0,0.0,8.0,0,0,1,10.0,19.0,68.0,0.08,2.0,1.0,0.0,0.0,0.0,0.0,0.0,0.0,0.0,0.0,0.0,0.0
P008,Type 304/304L stainless steel,545,4500.0,0.0,15.0,0,0,1,10.0,19.0,68.0,0.08,2.0,1.0,0.0,0.0,0.0,0.0,0.0,0.0,0.0,0.0,0.0,0.0
P008,Type 304/304L stainless steel,520,4500.0,0.0,25.0,0,0,1,10.0,19.0,68.0,0.08,2.0,1.0,0.0,0.0,0.0,0.0,0.0,0.0,0.0,0.0,0.0,0.0
P008,Type 304/304L stainless steel,490,4500.0,0.0,3.0,0,0,1,10.0,19.0,68.0,0.08,2.0,1.0,0.0,0.0,0.0,0.0,0.0,0.0,0.0,0.0,0.0,0.0
P008,Type 304/304L stainless steel,465,4500.0,0.0,3.0,0,0,1,10.0,19.0,68.0,0.03,2.0,1.0,0.0,0.0,0.0,0.0,0.0,0.0,0.0,0.0,0.0,0.0
P008,Type 304/304L stainless steel,580,4500.0,0.0,5.0,0,0,1,10.0,19.0,68.0,0.08,2.0,1.0,0.0,0.0,0.0,0.0,0.0,0.0,0.0,0.0,0.0,0.0
P010,AISI 316L stainless steel,550,120.0,0.0,75.6,1,0,0,10.025,16.635,69.529,0.02,1.346,0.361,0.036,0.0,0.0,2.011,0.0,0.0,0.0,0.0,0.036,0.001
P010,AISI 316L stainless steel,550,240.0,0.0,53.3,1,0,0,10.025,16.635,69.529,0.02,1.346,0.361,0.036,0.0,0.0,2.011,0.0,0.0,0.0,0.0,0.036,0.001
P010,AISI 316L stainless steel,550,480.0,0.0,27.2,1,0,0,10.025,16.635,69.529,0.02,1.346,0.361,0.036,0.0,0.0,2.011,0.0,0.0,0.0,0.0,0.036,0.001
P010,AISI 316L stainless steel,550,720.0,0.0,24.6,1,0,0,10.025,16.635,69.529,0.02,1.346,0.361,0.036,0.0,0.0,2.011,0.0,0.0,0.0,0.0,0.036,0.001
P010,AISI 316L stainless steel,550,1440.0,0.0,12.2,1,0,0,10.025,16.635,69.529,0.02,1.346,0.361,0.036,0.0,0.0,2.011,0.0,0.0,0.0,0.0,0.036,0.001
P010,AISI 316L stainless steel,550,2000.0,0.0,12.2,1,0,0,10.025,16.635,69.529,0.02,1.346,0.361,0.036,0.0,0.0,2.011,0.0,0.0,0.0,0.0,0.036,0.001
P010,AISI 316L stainless steel,550,3000.0,0.0,8.6,1,0,0,10.025,16.635,69.529,0.02,1.346,0.361,0.036,0.0,0.0,2.011,0.0,0.0,0.0,0.0,0.036,0.001
P010,AISI 321H stainless steel,550,120.0,0.0,106.8,1,0,0,9.1,17.26,70.877,0.03,0.96,0.64,0.015,0.0,0.0,0.49,0.0,0.28,0.32,0.0,0.027,0.001
P010,AISI 321H stainless steel,550,240.0,0.0,62.9,1,0,0,9.1,17.26,70.877,0.03,0.96,0.64,0.015,0.0,0.0,0.49,0.0,0.28,0.32,0.0,0.027,0.001
P010,AISI 321H stainless steel,550,480.0,0.0,38.6,1,0,0,9.1,17.26,70.877,0.03,0.96,0.64,0.015,0.0,0.0,0.49,0.0,0.28,0.32,0.0,0.027,0.001
P010,AISI 321H stainless steel,550,720.0,0.0,23.7,1,0,0,9.1,17.26,70.877,0.03,0.96,0.64,0.015,0.0,0.0,0.49,0.0,0.28,0.32,0.0,0.027,0.001
P010,AISI 321H stainless steel,550,1440.0,0.0,15.9,1,0,0,9.1,17.26,70.877,0.03,0.96,0.64,0.015,0.0,0.0,0.49,0.0,0.28,0.32,0.0,0.027,0.001
P010,AISI 321H stainless steel,550,2000.0,0.0,11.2,1,0,0,9.1,17.26,70.877,0.03,0.96,0.64,0.015,0.0,0.0,0.49,0.0,0.28,0.32,0.0,0.027,0.001
P010,AISI 321H stainless steel,550,3000.0,0.0,9.0,1,0,0,9.1,17.26,70.877,0.03,0.96,0.64,0.015,0.0,0.0,0.49,0.0,0.28,0.32,0.0,0.027,0.001
P011,X80 carbon steel,350,180.0,0.0,20.6,0,1,0,0.1,0.0,97.5115,0.08,1.82,0.0,0.0,0.0,0.0,0.28,0.0,0.0,0.2,0.0,0.006,0.0025
P011,X80 carbon steel,350,360.0,0.0,10.7,0,1,0,0.1,0.0,97.5115,0.08,1.82,0.0,0.0,0.0,0.0,0.28,0.0,0.0,0.2,0.0,0.006,0.0025
P011,X80 carbon steel,350,720.0,0.0,5.8,0,1,0,0.1,0.0,97.5115,0.08,1.82,0.0,0.0,0.0,0.0,0.28,0.0,0.0,0.2,0.0,0.006,0.0025
P011,X80 carbon steel,350,3000.0,0.0,3.5,0,1,0,0.1,0.0,97.5115,0.08,1.82,0.0,0.0,0.0,0.0,0.28,0.0,0.0,0.2,0.0,0.006,0.0025
P011,X80 carbon steel,350,180.0,0.0,24.4,0,1,0,0.1,0.0,97.5115,0.08,1.82,0.0,0.0,0.0,0.0,0.28,0.0,0.0,0.2,0.0,0.006,0.0025
P011,X80 carbon steel,350,2000.0,0.0,5.5,0,1,0,0.1,0.0,97.5115,0.08,1.82,0.0,0.0,0.0,0.0,0.28,0.0,0.0,0.2,0.0,0.006,0.0025
P011,X80 carbon steel,350,3000.0,0.0,3.9,0,1,0,0.1,0.0,97.5115,0.08,1.82,0.0,0.0,0.0,0.0,0.28,0.0,0.0,0.2,0.0,0.006,0.0025
P011,304 stainless steel,530,180.0,0.0,96.6,0,1,0,9.0,18.0,70.845,0.08,2.0,0.0,0.0,0.0,0.0,0.0,0.0,0.0,0.0,0.0,0.045,0.03
P011,304 stainless steel,530,1440.0,0.0,20.6,0,1,0,9.0,18.0,70.845,0.08,2.0,0.0,0.0,0.0,0.0,0.0,0.0,0.0,0.0,0.0,0.045,0.03
P011,304 stainless steel,530,3000.0,0.0,10.8,0,1,0,9.0,18.0,70.845,0.08,2.0,0.0,0.0,0.0,0.0,0.0,0.0,0.0,0.0,0.0,0.045,0.03
P011,316 stainless steel,530,180.0,0.0,58.8,0,1,0,10.03,16.28,70.507,0.022,0.97,0.0,0.0,0.0,0.0,2.16,0.0,0.0,0.0,0.0,0.028,0.003
P011,316 stainless steel,530,1440.0,0.0,8.2,0,1,0,10.03,16.28,70.507,0.022,0.97,0.0,0.0,0.0,0.0,2.16,0.0,0.0,0.0,0.0,0.028,0.003
P011,316 stainless steel,530,3000.0,0.0,5.1,0,1,0,10.03,16.28,70.507,0.022,0.97,0.0,0.0,0.0,0.0,2.16,0.0,0.0,0.0,0.0,0.028,0.003
P011,304 stainless steel,530,260.0,1.0,41.7,0,1,0,9.0,18.0,70.845,0.08,2.0,0.0,0.0,0.0,0.0,0.0,0.0,0.0,0.0,0.0,0.045,0.03
P011,304 stainless steel,530,760.0,1.0,25.6,0,1,0,9.0,18.0,70.845,0.08,2.0,0.0,0.0,0.0,0.0,0.0,0.0,0.0,0.0,0.0,0.045,0.03
P011,304 stainless steel,530,1440.0,1.0,23.6,0,1,0,9.0,18.0,70.845,0.08,2.0,0.0,0.0,0.0,0.0,0.0,0.0,0.0,0.0,0.0,0.045,0.03
P011,304 stainless steel,530,1960.0,1.0,18.2,0,1,0,9.0,18.0,70.845,0.08,2.0,0.0,0.0,0.0,0.0,0.0,0.0,0.0,0.0,0.0,0.045,0.03
P011,316 stainless steel,530,260.0,1.0,17.1,0,1,0,10.03,16.28,70.507,0.022,0.97,0.0,0.0,0.0,0.0,2.16,0.0,0.0,0.0,0.0,0.028,0.003
P011,316 stainless steel,530,760.0,1.0,13.3,0,1,0,10.03,16.28,70.507,0.022,0.97,0.0,0.0,0.0,0.0,2.16,0.0,0.0,0.0,0.0,0.028,0.003
P011,316 stainless steel,530,1440.0,1.0,11.3,0,1,0,10.03,16.28,70.507,0.022,0.97,0.0,0.0,0.0,0.0,2.16,0.0,0.0,0.0,0.0,0.028,0.003
P011,316 stainless steel,530,1960.0,1.0,10.8,0,1,0,10.03,16.28,70.507,0.022,0.97,0.0,0.0,0.0,0.0,2.16,0.0,0.0,0.0,0.0,0.028,0.003
P011,600 nickel alloy,530,260.0,1.0,7.3,0,1,0,76.35,16.0,7.2,0.018,0.42,0.0,0.0,0.0,0.0,0.0,0.0,0.0,0.0,0.0,0.01,0.002
P011,600 nickel alloy,530,760.0,1.0,3.4,0,1,0,76.35,16.0,7.2,0.018,0.42,0.0,0.0,0.0,0.0,0.0,0.0,0.0,0.0,0.0,0.01,0.002
P011,600 nickel alloy,530,1440.0,1.0,5.4,0,1,0,76.35,16.0,7.2,0.018,0.42,0.0,0.0,0.0,0.0,0.0,0.0,0.0,0.0,0.0,0.01,0.002
P011,600 nickel alloy,530,1960.0,1.0,4.9,0,1,0,76.35,16.0,7.2,0.018,0.42,0.0,0.0,0.0,0.0,0.0,0.0,0.0,0.0,0.0,0.01,0.002
P011,825 nickel alloy,530,260.0,1.0,4.1,0,1,0,42.0,22.0,29.969,0.02,0.5,0.0,0.0,0.0,0.0,3.0,0.0,0.0,2.5,0.0,0.01,0.001
P011,825 nickel alloy,530,760.0,1.0,1.7,0,1,0,42.0,22.0,29.969,0.02,0.5,0.0,0.0,0.0,0.0,3.0,0.0,0.0,2.5,0.0,0.01,0.001
P011,825 nickel alloy,530,1440.0,1.0,2.9,0,1,0,42.0,22.0,29.969,0.02,0.5,0.0,0.0,0.0,0.0,3.0,0.0,0.0,2.5,0.0,0.01,0.001
P011,825 nickel alloy,530,1960.0,1.0,3.0,0,1,0,42.0,22.0,29.969,0.02,0.5,0.0,0.0,0.0,0.0,3.0,0.0,0.0,2.5,0.0,0.01,0.001
P011,600 nickel alloy,530,180.0,0.0,1.5,0,1,0,76.35,16.0,7.2,0.018,0.42,0.0,0.0,0.0,0.0,0.0,0.0,0.0,0.0,0.0,0.01,0.002
P011,600 nickel alloy,530,1440.0,0.0,0.7,0,1,0,76.35,16.0,7.2,0.018,0.42,0.0,0.0,0.0,0.0,0.0,0.0,0.0,0.0,0.0,0.01,0.002
P011,600 nickel alloy,530,3000.0,0.0,0.5,0,1,0,76.35,16.0,7.2,0.018,0.42,0.0,0.0,0.0,0.0,0.0,0.0,0.0,0.0,0.0,0.01,0.002
P011,825 nickel alloy,530,180.0,0.0,27.8,0,1,0,42.0,22.0,29.969,0.02,0.5,0.0,0.0,0.0,0.0,3.0,0.0,0.0,2.5,0.0,0.01,0.001
P011,825 nickel alloy,530,1440.0,0.0,3.2,0,1,0,42.0,22.0,29.969,0.02,0.5,0.0,0.0,0.0,0.0,3.0,0.0,0.0,2.5,0.0,0.01,0.001
P011,825 nickel alloy,530,3000.0,0.0,2.6,0,1,0,42.0,22.0,29.969,0.02,0.5,0.0,0.0,0.0,0.0,3.0,0.0,0.0,2.5,0.0,0.01,0.001
