Paper ID,Salt,Temperature (celcius),Exposure Time (hours),Headgas,Flow (m/s),Corrosion Rate (μm/yr),Alloy,Ni (wt.%),Cr (wt.%),Fe (wt.%),C (wt.%),Mn (wt.%),Si (wt.%),N (wt.%),Nb (wt.%),Co (wt.%),Mo (wt.%),Al (wt.%),Ti (wt.%),Cu (wt.%),W (wt.%),P (wt.%),S (wt.%),Composition Check
P002,0.40 KNO3 + 0.60 NaNO3,560,750,air,1.7,0,Inconel 625,54.95,23,5,0.1,0.5,0.5,0,4.15,1,10,0.4,0.4,0,0,0,0,100
P002,0.40 KNO3 + 0.60 NaNO3,560,750,air,1.7,0.8,Haynes 230,52.1,22,3,0.1,0.5,0.4,0,0.5,5,2,0.3,0.1,0,14,0,0,100
P002,0.40 KNO3 + 0.60 NaNO3,560,750,air,1.7,0.8,Inconel 617,43.25,24,3,0.15,1,1,0,0,15,10,1.5,0.6,0.5,0,0,0,100
P002,0.40 KNO3 + 0.60 NaNO3,560,750,air,1.7,3.3,HR6W,34.35,24.5,30,0.1,1.5,1,0,0.35,0,0,0,0.2,0,8,0,0,100
P002,0.40 KNO3 + 0.60 NaNO3,560,750,air,1.7,14.2,Sanicro25,25,22.5,42.87,0.1,0.5,0.2,0.23,0.5,1.5,0,0,0,3,3.6,0,0,100
P002,0.40 KNO3 + 0.60 NaNO3,560,750,air,1.7,8.6,310N,23,26,47.2,0.1,2,0.75,0.35,0.6,0,0,0,0,0,0,0,0,100
P002,0.40 KNO3 + 0.60 NaNO3,560,750,air,1.7,10.5,316Ti,14,18,60.37,0.08,3,0.75,0.1,0,0,3,0,0.7,0,0,0,0,100
P002,0.40 KNO3 + 0.60 NaNO3,560,750,air,1.7,11.7,316L,13,18.5,63.36,0.03,2,1,0.11,0,0,2,0,0,0,0,0,0,100
P002,0.40 KNO3 + 0.60 NaNO3,560,750,air,1.7,15.5,321H,12,19,65.8,0.1,2,1,0.1,0,0,0,0,0,0,0,0,0,100
P002,0.40 KNO3 + 0.60 NaNO3,560,750,air,1.7,14.1,15-15Ti,15.5,15.5,64.21,0.12,2,0.6,0.02,0,0.03,1.4,0.02,0.55,0.05,0,0,0,100
P002,0.40 KNO3 + 0.60 NaNO3,560,750,air,1.7,14,347H,13,19,65.15,0.1,2,0.75,0,0,0,0,0,0,0,0,0,0,100
P002,0.40 KNO3 + 0.60 NaNO3,560,750,air,1.7,14,347,13,19,65.35,0.08,2,0.57,0,0,0,0,0,0,0,0,0,0,100
P002,0.40 KNO3 + 0.60 NaNO3,560,750,air,1.7,33.3,430,0.75,18,79.07,0.12,1,1,0.06,0,0,0,0,0,0,0,0,0,100
P003,0.40 KNO3 + 0.60 NaNO3,500,2160,air,0,69.81,AISI 1045,0,0,98.71,0.45,0.75,0,0,0,0,0,0,0,0,0,0.04,0.05,100
P003,0.40 KNO3 + 0.60 NaNO3,500,2160,air,0,1.3,304H,7.7,19.2,70.58,0.08,2,0.43,0,0,0,0,0,0,0,0,0,0.01,100
P003,0.40 KNO3 + 0.60 NaNO3,500,2160,air,0,6.6,316L,10.27,17.23,4.12,0.02,1.64,0.52,0.1,0,0,2.22,0,0,0,0,0.03,0.02,36.17
P003,0.40 KNO3 + 0.60 NaNO3,500,2160,air,0,0.29,Inconel 600,58.87,21.75,15.8,0.03,0.21,0.13,0,0,0,0,0.32,0,0.03,0,0,0.0001,97.1401
P004,0.40 KNO3 + 0.60 NaNO3,680,1025,air,0,688,Haynes 230,59.41,22.37,1.32,0,0.49,0.42,0,0,0.19,1.27,0.32,0,0.05,14.16,0,0,100
P004,0.40 KNO3 + 0.60 NaNO3,600,3000,air,0,23.6,Haynes 230,59.41,22.37,1.32,0,0.49,0.42,0,0,0.19,1.27,0.32,0,0.05,14.16,0,0,100
P004,0.40 KNO3 + 0.60 NaNO3,680,1025,air,0,594,Inconel 625,61,21.76,4.46,0,0.21,0.25,0,3.38,0.08,8.28,0.2,0.24,0,0,0,0,99.86
P004,0.40 KNO3 + 0.60 NaNO3,600,3000,air,0,16.8,Inconel 625,61,21.76,4.46,0,0.21,0.25,0,3.38,0.08,8.28,0.2,0.24,0,0,0,0,99.86
P005,0.40 KNO3 + 0.60 NaNO3,570,,,,,304,,,,,,,,,,,,,,,,,0
P005,0.40 KNO3 + 0.60 NaNO3,570,,,,,316,,,,,,,,,,,,,,,,,0
P007,0.40 KNO3 + 0.60 NaNO3,390,1680,N2,0,22.14,A516 Gr70 Carbon Steel,0,0,0,≤0.27,0.85-1.2,0,0,0,0,0,0,0,0,0,≤0.025,≤0.025,0
P007,0.40 KNO3 + 0.60 NaNO3,390,4064,N2,0,5.46,A516 Gr70 Carbon Steel,0,0,0,≤0.27,0.85-1.2,0,0,0,0,0,0,0,0,0,≤0.025,≤0.025,0
P007,0.40 KNO3 + 0.60 NaNO3,390,8712,N2,0,2.14,A516 Gr70 Carbon Steel,0,0,0,≤0.27,0.85-1.2,0,0,0,0,0,0,0,0,0,≤0.025,≤0.025,0
P007,0.40 KNO3 + 0.60 NaNO3,390,4064,N2,0,3.57,A516 Gr70 Carbon Steel,0,0,0,≤0.27,0.85-1.2,0,0,0,0,0,0,0,0,0,≤0.025,≤0.025,0
P008,0.40 KNO3 + 0.60 NaNO3,595,4500,O2 (sealed loop),0,8,Incoloy 800 ,32,21,45,0.1,1,0.2,0,0,0,0,0.5,0.5,0,0,0,0,100.3
P008,0.40 KNO3 + 0.60 NaNO3,600,4500,O2 (sealed loop),0,8,Incoloy 800 ,32,21,45,0.1,1,0.2,0,0,0,0,0.5,0.5,0,0,0,0,100.3
P008,0.40 KNO3 + 0.60 NaNO3,570,4500,O2 (sealed loop),0,8,Incoloy 800,32,21,45,0.1,1,0.2,0,0,0,0,0.5,0.5,0,0,0,0,100.3
P008,0.40 KNO3 + 0.60 NaNO3,545,4500,O2 (sealed loop),0,5,Incoloy 800,32,21,45,0.1,1,0.2,0,0,0,0,0.5,0.5,0,0,0,0,100.3
P008,0.40 KNO3 + 0.60 NaNO3,520,4500,O2 (sealed loop),0,3,Incoloy 800,32,21,45,0.1,1,0.2,0,0,0,0,0.5,0.5,0,0,0,0,100.3
P008,0.40 KNO3 + 0.60 NaNO3,495,4500,O2 (sealed loop),0,3,Incoloy 800,32,21,45,0.1,1,0.2,0,0,0,0,0.5,0.5,0,0,0,0,100.3
P008,0.40 KNO3 + 0.60 NaNO3,470,4500,O2 (sealed loop),0,3,Incoloy 800,32,21,45,0.1,1,0.2,0,0,0,0,0.5,0.5,0,0,0,0,100.3
P008,0.40 KNO3 + 0.60 NaNO3,475,4500,O2 (sealed loop),0,3,Incoloy 800,32,21,45,0.1,1,0.2,0,0,0,0,0.5,0.5,0,0,0,0,100.3
P008,0.40 KNO3 + 0.60 NaNO3,485,4500,O2 (sealed loop),0,3,Incoloy 800,32,21,45,0.1,1,0.2,0,0,0,0,0.5,0.5,0,0,0,0,100.3
P008,0.40 KNO3 + 0.60 NaNO3,455,4500,O2 (sealed loop),0,3,Incoloy 800,32,21,45,0.1,1,0.2,0,0,0,0,0.5,0.5,0,0,0,0,100.3
P008,0.40 KNO3 + 0.60 NaNO3,435,4500,O2 (sealed loop),0,3,Incoloy 800,32,21,45,0.1,1,0.2,0,0,0,0,0.5,0.5,0,0,0,0,100.3
P008,0.40 KNO3 + 0.60 NaNO3,410,4500,O2 (sealed loop),0,3,Incoloy 800,32,21,45,0.1,1,0.2,0,0,0,0,0.5,0.5,0,0,0,0,100.3
P008,0.40 KNO3 + 0.60 NaNO3,390,4500,O2 (sealed loop),0,3,Incoloy 800,32,21,45,0.1,1,0.2,0,0,0,0,0.5,0.5,0,0,0,0,100.3
P008,0.40 KNO3 + 0.60 NaNO3,375,4500,O2 (sealed loop),0,3,Incoloy 800,32,21,45,0.1,1,0.2,0,0,0,0,0.5,0.5,0,0,0,0,100.3
P008,0.40 KNO3 + 0.60 NaNO3,580,4500,O2 (sealed loop),0,5,Incoloy 800,32,21,45,0.1,1,0.2,0,0,0,0,0.5,0.5,0,0,0,0,100.3
P008,0.40 KNO3 + 0.60 NaNO3,470,4500,O2 (sealed loop),0,5,Incoloy 800,32,21,45,0.1,1,0.2,0,0,0,0,0.5,0.5,0,0,0,0,100.3
P008,0.40 KNO3 + 0.60 NaNO3,595,4500,O2 (sealed loop),0,5,Type 316 Stainless Steel,11,17,67,0.08,2,1,0,0,0,2,0,0,0,0,0,0,100.08
P008,0.40 KNO3 + 0.60 NaNO3,600,4500,O2 (sealed loop),0,10,Type 316 Stainless Steel,11,17,67,0.08,2,1,0,0,0,2,0,0,0,0,0,0,100.08
P008,0.40 KNO3 + 0.60 NaNO3,565,4500,O2 (sealed loop),0,13,Type 316 Stainless Steel,11,17,67,0.08,2,1,0,0,0,2,0,0,0,0,0,0,100.08
P008,0.40 KNO3 + 0.60 NaNO3,535,4500,O2 (sealed loop),0,8,Type 316 Stainless Steel,11,17,67,0.08,2,1,0,0,0,2,0,0,0,0,0,0,100.08
P008,0.40 KNO3 + 0.60 NaNO3,505,4500,O2 (sealed loop),0,3,Type 316 Stainless Steel,11,17,67,0.08,2,1,0,0,0,2,0,0,0,0,0,0,100.08
P008,0.40 KNO3 + 0.60 NaNO3,445,4500,O2 (sealed loop),0,<3,Type 316 Stainless Steel,11,17,67,0.08,2,1,0,0,0,2,0,0,0,0,0,0,100.08
P008,0.40 KNO3 + 0.60 NaNO3,4765,4500,O2 (sealed loop),0,3,Type 316 Stainless Steel,11,17,67,0.08,2,1,0,0,0,2,0,0,0,0,0,0,100.08
P008,0.40 KNO3 + 0.60 NaNO3,485,4500,O2 (sealed loop),0,10,Type 316 Stainless Steel,11,17,67,0.08,2,1,0,0,0,2,0,0,0,0,0,0,100.08
P008,0.40 KNO3 + 0.60 NaNO3,455,4500,O2 (sealed loop),0,5,Type 316 Stainless Steel,11,17,67,0.08,2,1,0,0,0,2,0,0,0,0,0,0,100.08
P008,0.40 KNO3 + 0.60 NaNO3,435,4500,O2 (sealed loop),0,<3,Type 316 Stainless Steel,11,17,67,0.08,2,1,0,0,0,2,0,0,0,0,0,0,100.08
P008,0.40 KNO3 + 0.60 NaNO3,410,4500,O2 (sealed loop),0,5,Type 316 Stainless Steel,11,17,67,0.08,2,1,0,0,0,2,0,0,0,0,0,0,100.08
P008,0.40 KNO3 + 0.60 NaNO3,390,4500,O2 (sealed loop),0,<3,Type 316 Stainless Steel,11,17,67,0.08,2,1,0,0,0,2,0,0,0,0,0,0,100.08
P008,0.40 KNO3 + 0.60 NaNO3,375,4500,O2 (sealed loop),0,<3,Type 316 Stainless Steel,11,17,67,0.08,2,1,0,0,0,2,0,0,0,0,0,0,100.08
P008,0.40 KNO3 + 0.60 NaNO3,580,4500,O2 (sealed loop),0,<3,Type 316 Stainless Steel,11,17,67,0.08,2,1,0,0,0,2,0,0,0,0,0,0,100.08
P008,0.40 KNO3 + 0.60 NaNO3,470,4500,O2 (sealed loop),0,<3,Type 316 Stainless Steel,11,17,67,0.08,2,1,0,0,0,2,0,0,0,0,0,0,100.08
P008,0.40 KNO3 + 0.60 NaNO3,595,4500,O2 (sealed loop),0,8,Type 304/304L stainless steel,10,19,68,0.08,2,1,0,0,0,0,0,0,0,0,0,0,100.08
P008,0.40 KNO3 + 0.60 NaNO3,600,4500,O2 (sealed loop),0,8,Type 304/304L stainless steel,10,19,68,0.08,2,1,0,0,0,0,0,0,0,0,0,0,100.08
P008,0.40 KNO3 + 0.60 NaNO3,600,4500,O2 (sealed loop),0,5,Type 304/304L stainless steel,10,19,68,≤0.03,2,1,0,0,0,0,0,0,0,0,0,0,100
P008,0.40 KNO3 + 0.60 NaNO3,570,4500,O2 (sealed loop),0,8,Type 304/304L stainless steel,10,19,68,0.08,2,1,0,0,0,0,0,0,0,0,0,0,100.08
P008,0.40 KNO3 + 0.60 NaNO3,545,4500,O2 (sealed loop),0,15,Type 304/304L stainless steel,10,19,68,0.08,2,1,0,0,0,0,0,0,0,0,0,0,100.08
P008,0.40 KNO3 + 0.60 NaNO3,520,4500,O2 (sealed loop),0,25,Type 304/304L stainless steel,10,19,68,0.08,2,1,0,0,0,0,0,0,0,0,0,0,100.08
P008,0.40 KNO3 + 0.60 NaNO3,490,4500,O2 (sealed loop),0,3,Type 304/304L stainless steel,10,19,68,0.08,2,1,0,0,0,0,0,0,0,0,0,0,100.08
P008,0.40 KNO3 + 0.60 NaNO3,465,4500,O2 (sealed loop),0,<3,Type 304/304L stainless steel,10,19,68,≤0.03,2,1,0,0,0,0,0,0,0,0,0,0,100
P008,0.40 KNO3 + 0.60 NaNO3,580,4500,O2 (sealed loop),0,5,Type 304/304L stainless steel,10,19,68,0.08,2,1,0,0,0,0,0,0,0,0,0,0,100.08
P010,0.40 KNO3 + 0.60 NaNO3,550,120,air,0,75.6,AISI 316L stainless steel,10.025,16.635,69.529,0.02,1.346,0.361,0.036,0,0,2.011,0,0,0,0,0.036,0.001,100
P010,0.40 KNO3 + 0.60 NaNO3,550,240,air,0,53.3,AISI 316L stainless steel,10.025,16.635,69.529,0.02,1.346,0.361,0.036,0,0,2.011,0,0,0,0,0.036,0.001,100
P010,0.40 KNO3 + 0.60 NaNO3,550,480,air,0,27.2,AISI 316L stainless steel,10.025,16.635,69.529,0.02,1.346,0.361,0.036,0,0,2.011,0,0,0,0,0.036,0.001,100
P010,0.40 KNO3 + 0.60 NaNO3,550,720,air,0,24.6,AISI 316L stainless steel,10.025,16.635,69.529,0.02,1.346,0.361,0.036,0,0,2.011,0,0,0,0,0.036,0.001,100
P010,0.40 KNO3 + 0.60 NaNO3,550,1440,air,0,12.2,AISI 316L stainless steel,10.025,16.635,69.529,0.02,1.346,0.361,0.036,0,0,2.011,0,0,0,0,0.036,0.001,100
P010,0.40 KNO3 + 0.60 NaNO3,550,2000,air,0,12.2,AISI 316L stainless steel,10.025,16.635,69.529,0.02,1.346,0.361,0.036,0,0,2.011,0,0,0,0,0.036,0.001,100
P010,0.40 KNO3 + 0.60 NaNO3,550,3000,air,0,8.6,AISI 316L stainless steel,10.025,16.635,69.529,0.02,1.346,0.361,0.036,0,0,2.011,0,0,0,0,0.036,0.001,100
P010,0.40 KNO3 + 0.60 NaNO3,550,120,air,0,106.8,AISI 321H stainless steel,9.1,17.26,70.877,0.03,0.96,0.64,0.015,0,0,0.49,0,0.28,0.32,0,0.027,0.001,100
P010,0.40 KNO3 + 0.60 NaNO3,550,240,air,0,62.9,AISI 321H stainless steel,9.1,17.26,70.877,0.03,0.96,0.64,0.015,0,0,0.49,0,0.28,0.32,0,0.027,0.001,100
P010,0.40 KNO3 + 0.60 NaNO3,550,480,air,0,38.6,AISI 321H stainless steel,9.1,17.26,70.877,0.03,0.96,0.64,0.015,0,0,0.49,0,0.28,0.32,0,0.027,0.001,100
P010,0.40 KNO3 + 0.60 NaNO3,550,720,air,0,23.7,AISI 321H stainless steel,9.1,17.26,70.877,0.03,0.96,0.64,0.015,0,0,0.49,0,0.28,0.32,0,0.027,0.001,100
P010,0.40 KNO3 + 0.60 NaNO3,550,1440,air,0,15.9,AISI 321H stainless steel,9.1,17.26,70.877,0.03,0.96,0.64,0.015,0,0,0.49,0,0.28,0.32,0,0.027,0.001,100
P010,0.40 KNO3 + 0.60 NaNO3,550,2000,air,0,11.2,AISI 321H stainless steel,9.1,17.26,70.877,0.03,0.96,0.64,0.015,0,0,0.49,0,0.28,0.32,0,0.027,0.001,100
P010,0.40 KNO3 + 0.60 NaNO3,550,3000,air,0,9,AISI 321H stainless steel,9.1,17.26,70.877,0.03,0.96,0.64,0.015,0,0,0.49,0,0.28,0.32,0,0.027,0.001,100
P011,0.40 KNO3 + 0.60 NaNO3,350,180,N2,0,20.6,X80 carbon steel,0.1,0,97.5115,0.08,1.82,0,0,0,0,0.28,0,0,0.2,0,0.006,0.0025,100
P011,0.40 KNO3 + 0.60 NaNO3,350,360,N2,0,10.7,X80 carbon steel,0.1,0,97.5115,0.08,1.82,0,0,0,0,0.28,0,0,0.2,0,0.006,0.0025,100
P011,0.40 KNO3 + 0.60 NaNO3,350,720,N2,0,5.8,X80 carbon steel,0.1,0,97.5115,0.08,1.82,0,0,0,0,0.28,0,0,0.2,0,0.006,0.0025,100
P011,0.40 KNO3 + 0.60 NaNO3,350,3000,N2,0,3.5,X80 carbon steel,0.1,0,97.5115,0.08,1.82,0,0,0,0,0.28,0,0,0.2,0,0.006,0.0025,100
P011,0.40 KNO3 + 0.60 NaNO3,350,180,N2,0,24.4,X80 carbon steel,0.1,0,97.5115,0.08,1.82,0,0,0,0,0.28,0,0,0.2,0,0.006,0.0025,100
P011,0.40 KNO3 + 0.60 NaNO3,350,2000,N2,0,5.5,X80 carbon steel,0.1,0,97.5115,0.08,1.82,0,0,0,0,0.28,0,0,0.2,0,0.006,0.0025,100
P011,0.40 KNO3 + 0.60 NaNO3,350,3000,N2,0,3.9,X80 carbon steel,0.1,0,97.5115,0.08,1.82,0,0,0,0,0.28,0,0,0.2,0,0.006,0.0025,100
P011,0.40 KNO3 + 0.60 NaNO3,530,180,N2,0,96.6,304 stainless steel,9,18,70.845,0.08,2,0,0,0,0,0,0,0,0,0,0.045,0.03,100
P011,0.40 KNO3 + 0.60 NaNO3,530,1440,N2,0,20.6,304 stainless steel,9,18,70.845,0.08,2,0,0,0,0,0,0,0,0,0,0.045,0.03,100
P011,0.40 KNO3 + 0.60 NaNO3,530,3000,N2,0,10.8,304 stainless steel,9,18,70.845,0.08,2,0,0,0,0,0,0,0,0,0,0.045,0.03,100
P011,0.40 KNO3 + 0.60 NaNO3,530,180,N2,0,58.8,316 stainless steel,10.03,16.28,70.507,0.022,0.97,0,0,0,0,2.16,0,0,0,0,0.028,0.003,100
P011,0.40 KNO3 + 0.60 NaNO3,530,1440,N2,0,8.2,316 stainless steel,10.03,16.28,70.507,0.022,0.97,0,0,0,0,2.16,0,0,0,0,0.028,0.003,100
P011,0.40 KNO3 + 0.60 NaNO3,530,3000,N2,0,5.1,316 stainless steel,10.03,16.28,70.507,0.022,0.97,0,0,0,0,2.16,0,0,0,0,0.028,0.003,100
P011,0.40 KNO3 + 0.60 NaNO3,530,260,N2,1,41.7,304 stainless steel,9,18,70.845,0.08,2,0,0,0,0,0,0,0,0,0,0.045,0.03,100
P011,0.40 KNO3 + 0.60 NaNO3,530,760,N2,1,25.6,304 stainless steel,9,18,70.845,0.08,2,0,0,0,0,0,0,0,0,0,0.045,0.03,100
P011,0.40 KNO3 + 0.60 NaNO3,530,1440,N2,1,23.6,304 stainless steel,9,18,70.845,0.08,2,0,0,0,0,0,0,0,0,0,0.045,0.03,100
P011,0.40 KNO3 + 0.60 NaNO3,530,1960,N2,1,18.2,304 stainless steel,9,18,70.845,0.08,2,0,0,0,0,0,0,0,0,0,0.045,0.03,100
P011,0.40 KNO3 + 0.60 NaNO3,530,260,N2,1,17.1,316 stainless steel,10.03,16.28,70.507,0.022,0.97,0,0,0,0,2.16,0,0,0,0,0.028,0.003,100
P011,0.40 KNO3 + 0.60 NaNO3,530,760,N2,1,13.3,316 stainless steel,10.03,16.28,70.507,0.022,0.97,0,0,0,0,2.16,0,0,0,0,0.028,0.003,100
P011,0.40 KNO3 + 0.60 NaNO3,530,1440,N2,1,11.3,316 stainless steel,10.03,16.28,70.507,0.022,0.97,0,0,0,0,2.16,0,0,0,0,0.028,0.003,100
P011,0.40 KNO3 + 0.60 NaNO3,530,1960,N2,1,10.8,316 stainless steel,10.03,16.28,70.507,0.022,0.97,0,0,0,0,2.16,0,0,0,0,0.028,0.003,100
P011,0.40 KNO3 + 0.60 NaNO3,530,260,N2,1,7.3,600 nickel alloy,76.35,16,7.2,0.018,0.42,0,0,0,0,0,0,0,0,0,0.01,0.002,100
P011,0.40 KNO3 + 0.60 NaNO3,530,760,N2,1,3.4,600 nickel alloy,76.35,16,7.2,0.018,0.42,0,0,0,0,0,0,0,0,0,0.01,0.002,100
P011,0.40 KNO3 + 0.60 NaNO3,530,1440,N2,1,5.4,600 nickel alloy,76.35,16,7.2,0.018,0.42,0,0,0,0,0,0,0,0,0,0.01,0.002,100
P011,0.40 KNO3 + 0.60 NaNO3,530,1960,N2,1,4.9,600 nickel alloy,76.35,16,7.2,0.018,0.42,0,0,0,0,0,0,0,0,0,0.01,0.002,100
P011,0.40 KNO3 + 0.60 NaNO3,530,260,N2,1,4.1,825 nickel alloy,42,22,29.969,0.02,0.5,0,0,0,0,3,0,0,2.5,0,0.01,0.001,100
P011,0.40 KNO3 + 0.60 NaNO3,530,760,N2,1,1.7,825 nickel alloy,42,22,29.969,0.02,0.5,0,0,0,0,3,0,0,2.5,0,0.01,0.001,100
P011,0.40 KNO3 + 0.60 NaNO3,530,1440,N2,1,2.9,825 nickel alloy,42,22,29.969,0.02,0.5,0,0,0,0,3,0,0,2.5,0,0.01,0.001,100
P011,0.40 KNO3 + 0.60 NaNO3,530,1960,N2,1,3,825 nickel alloy,42,22,29.969,0.02,0.5,0,0,0,0,3,0,0,2.5,0,0.01,0.001,100
P011,0.40 KNO3 + 0.60 NaNO3,530,180,N2,0,1.5,600 nickel alloy,76.35,16,7.2,0.018,0.42,0,0,0,0,0,0,0,0,0,0.01,0.002,100
P011,0.40 KNO3 + 0.60 NaNO3,530,1440,N2,0,0.7,600 nickel alloy,76.35,16,7.2,0.018,0.42,0,0,0,0,0,0,0,0,0,0.01,0.002,100
P011,0.40 KNO3 + 0.60 NaNO3,530,3000,N2,0,0.5,600 nickel alloy,76.35,16,7.2,0.018,0.42,0,0,0,0,0,0,0,0,0,0.01,0.002,100
P011,0.40 KNO3 + 0.60 NaNO3,530,180,N2,0,27.8,825 nickel alloy,42,22,29.969,0.02,0.5,0,0,0,0,3,0,0,2.5,0,0.01,0.001,100
P011,0.40 KNO3 + 0.60 NaNO3,530,1440,N2,0,3.2,825 nickel alloy,42,22,29.969,0.02,0.5,0,0,0,0,3,0,0,2.5,0,0.01,0.001,100
P011,0.40 KNO3 + 0.60 NaNO3,530,3000,N2,0,2.6,825 nickel alloy,42,22,29.969,0.02,0.5,0,0,0,0,3,0,0,2.5,0,0.01,0.001,100